"","B","C1","C2","D","E","F","G","H","I","J","K","L","M","N","P","Q","T","X","Y"
"1",73.0061622525744,34.2690108855367,26.7642024345227,16.553685970444,8.17843914544054,7.06862923894782,-0.79794937275996,2.73554147271511,15.574627561716,14.7372754478202,6.03347928524022,8.04053496176602,58.7186843694528,24.2534535549433,253.982141553461,202.077619128843,63.0486251793509,85.8604426760393,202.604925174416
"2",80.5209457582945,38.659580124424,35.3226334201361,15.6592828886547,10.0285698379579,6.55139379606096,3.33399366289713,3.70822883694392,23.7784581072863,10.6583797336096,3.79938417356476,3.84887167575962,36.2219639244812,18.6724991697921,267.573290745222,214.260434314356,65.5921213472732,93.0190695209934,221.054201541903
"3",61.179736052539,29.1975984160712,20.5951118280567,17.5746605387075,4.35847170864968,7.6806736092311,1.88340926062532,2.42305377595431,6.89499868677445,12.2660808383723,4.45289391289737,10.8685097464727,64.5986107943703,25.7355900905089,189.744372597805,149.932709635627,47.32542256139,67.7521642643647,159.146551007624
"4",43.078432482904,19.2264621001432,-7.62914279090103,16.6246080959159,11.3977413814466,6.75695148982925,8.50469420141202,2.30245648641882,23.0042307143661,5.78587734557683,1.09202570666273,3.36863583133135,20.5840025346033,11.8212050473159,-0.402493126408308,-0.268993090568316,-0.904152091010864,-1.79660625891908,45.3016185006377
"5",56.2190427851575,42.6748576532344,14.0919790725602,16.034151193818,6.5306054739999,6.70496067824183,3.3046733227843,2.00810828804896,13.5974624105278,12.8508663596909,4.53472167895864,8.66856241477594,54.2213658143494,22.8743053215092,160.685260567839,128.614257389557,39.941291686219,55.4988537543714,173.915337567281
"6",51.6343764143325,17.985216475259,-4.81929139126014,19.4576293934525,12.1004049992417,9.05131784505376,5.1398056031923,2.33095126858011,23.0753879790004,6.70457266502581,1.94177056055625,12.9146278164184,63.253207458386,26.1890531394556,20.6236997581644,16.1725211576056,4.41766824617182,6.45234851793664,56.3523233985469
"7",71.6702486869485,44.8058125292566,19.7021705049963,17.8199327308331,10.647314745214,7.75938548307609,4.1831234672166,3.43765798042373,19.9460360173094,10.9371896099743,4.06390198150902,9.41343876739549,57.5681238200528,23.7848628798461,194.463720819884,154.835616055018,46.9048859875822,63.7593228073011,193.438881609251
"8",66.4490064908934,31.0712047580585,15.6965656582442,18.699493426747,9.05133998470295,8.26361658884796,-0.92812917119506,3.26365761635537,19.3714426807811,15.1061288134193,6.40695625790587,10.2373290463653,68.02072168024,27.4144196297724,187.272830005428,150.703268249934,45.8398456846781,63.6774579136143,156.886188365786
"9",91.9358629233421,31.7408049120193,34.238525528554,21.0773121801773,10.9336502352357,9.95891208001206,3.00069627226828,2.05277042965907,21.7883204080859,0.799685395103649,-1.03034411290117,7.88434750444749,31.3276142463508,13.1923230467498,205.745611742153,164.323372601733,50.2222084832333,70.3900913692799,173.171551255823
"10",63.4150604988967,25.3918950094544,16.6445299750632,17.6377735499883,7.60026026676288,8.10638648926766,5.28506346611157,5.26075384500974,17.0288346418287,10.482223648951,3.50503352739749,6.57500005200289,45.5723586207888,18.7305428238029,171.811409868111,137.1954229689,41.969343727131,56.2622273040361,141.752590534869
"11",49.7810477203635,4.41983295039552,5.51184096961284,14.7304881150682,10.7187741173349,5.49343499916514,5.22976088677103,3.19348179723944,19.9921801398086,2.09285603384169,-0.242747740232764,9.07249802617646,37.6288759240878,14.6485383480627,63.0073604694415,50.416221329915,14.012142653081,17.2737451997127,45.5605127696005
"12",73.0569185286723,30.7650567564082,16.3927399390714,19.0333696939361,13.7175429058358,8.5270803918062,4.83811313004147,4.47307516243068,26.0613624645514,0.0619867627859252,-1.06643237129699,3.19944848584728,11.1411842764652,2.94510751311332,111.591418249609,88.4345539433151,26.0920696884034,35.1759051494099,121.909807032766
"13",72.0072981018972,27.5767774379851,22.6958071431063,15.5664348137535,11.0818540104537,6.22805565697961,4.84367486264196,0.550510432514942,23.7798733825068,10.7847537907311,4.20245771835934,5.71804778934946,45.5743866827087,19.2621389276761,202.132218665614,160.790414335707,49.9200283999198,68.8751533907363,163.778951317216
"14",71.1292607173669,27.9367429657778,15.7716202839452,16.9326991931099,14.1932681321979,7.46011504816508,2.83435897574917,5.12943314839369,27.4889504957931,7.64766790405934,2.66487726550849,5.78310429106674,38.5995847367849,17.3163339652332,157.295570015755,125.592645319108,37.427362390763,49.5434886288846,136.846066873987
"15",85.1965202471677,55.0504431819418,35.1232654454569,18.0381605654119,9.486146927082,7.79560504673832,5.11518328463088,1.77530406318028,16.9789202413028,6.08702543769568,0.837339204335566,4.94400983361477,25.1171524709175,11.7915041176001,250.705064080489,200.360542002261,61.3040666770695,84.3974237725928,239.121891301143
"16",83.4788559745776,35.7254540019003,29.7241764101308,16.2479173932236,15.1465748177302,7.08757009362191,3.53183804002133,6.12036483162353,31.8291951766367,2.07460717483001,0.209817117544578,6.04483747105188,28.0510133123464,10.6510872745523,190.743504263362,152.61534744263,46.1359516429693,64.8712451666404,173.945077402679
"17",84.2167882037194,28.8099981732888,35.1798264300958,19.1771183242457,7.56039141784304,8.49531131537288,1.18390691628275,3.35666527958076,16.9719942831789,3.72515368949843,1.04152411775756,6.40389027009446,33.6453283578045,12.4765012706549,238.530695186624,191.886612991106,58.7331656642552,79.8162490968649,179.53680608943
"18",64.930697687487,38.9160451977416,11.6520411973494,19.5888907013022,9.80925139995476,9.15909278173131,2.03669488500197,4.24851753285371,19.0252579807293,11.7113280294743,3.87227620984535,11.0778781696572,61.8395187238847,25.7677595636487,148.406835210608,119.749259189353,35.3668353721769,48.6323396084447,157.924682143319
"19",64.9120538564503,36.7296140769757,20.3041168720126,18.5341945750065,5.11900559870187,8.09134241480285,2.66202351781143,-0.519255828815481,11.2046558524399,14.9763141815703,6.03410005854555,12.9059766608496,79.5233741841146,35.8117514135392,212.166361930227,170.572862331101,51.5874974192274,72.8828603559142,184.755492336535
"20",62.546908034229,33.8508080709319,16.6884526709133,14.3759116646486,10.0901736557139,5.77232306341255,8.36111852978406,3.10389477448405,20.7476545635329,11.3874512466743,3.56377673903543,5.6585877453132,43.1879910806649,19.0532789348231,170.103398536638,134.492029468247,41.1960008179782,58.5611367543122,156.200458293736
"21",86.4592360821882,52.0204884605344,28.9528268991297,21.6866791956521,10.1054010404283,10.5562588653466,2.9045467977524,5.01095100256024,20.3556494198077,10.1242513121939,3.53224914241556,8.01777566151889,48.4680204089953,21.4081589668946,228.392474274077,182.464185660647,56.5768365905719,79.6872085537945,223.598376069249
"22",62.042149457292,62.1795756831143,21.1711021815392,12.7297163820953,11.0798282676166,4.4388394706643,3.73033692042288,1.43832302555606,23.438061311222,7.28483903717571,2.31925019032008,5.07985100146278,31.1696183201414,11.8034294544817,168.929840774246,134.489803095348,40.484949397772,58.9720104729663,215.453870205868
"23",79.9199774887325,39.4240004346602,19.8863245865642,19.9616063856833,12.2479044955019,9.22319378185442,6.52219021833287,2.47509772590136,24.2799866829075,15.786963205047,7.13753732218066,11.6723920628067,79.3399199799924,32.8169044121635,225.471833729497,179.316303453244,54.7500169942685,73.4013613578352,194.882842697087
"24",91.5864249194804,55.3696789991845,34.6438557191074,21.0215451573449,10.3910982422473,10.0662289873588,1.94212558200058,5.26155175858984,21.7577818606295,10.0190308031325,2.81809549239416,7.81844976314311,45.3840079157287,20.4316630204708,262.507274215672,211.396890096556,65.3094759008085,91.5550115592123,250.806359131531
"25",85.8617982981133,41.053930511857,17.8092026073725,22.2379057139561,17.0789051024929,10.8755498582742,6.58133967905695,5.13020223435443,34.1064642228718,11.3165871778979,4.04614408626914,6.41565704317899,48.1742497728666,21.3023303176638,179.131632983838,143.607342655584,43.804343099939,61.2963281203108,175.674771775717
"26",91.056151114675,48.7864986823095,22.1469571024578,26.136175603645,10.6724993481753,13.2555983090971,4.99101608913438,4.36366857462139,23.3081278605614,9.03998451231525,3.19058667021757,6.75303245990617,41.6140229308604,18.9310631403061,185.679272798713,148.859812442506,44.6853348567838,63.981265702909,194.874331082168
"27",91.2535439077222,55.6262477337807,34.3536938400586,21.6128331055356,9.54313087037224,10.4118826563726,3.07339800780236,3.8102098785293,18.753421419655,6.67145412198935,1.80655160432571,7.03878545310268,40.5266147587401,17.6868773437161,237.174939276279,188.551017261236,58.8467001203265,83.9331867920196,232.572745818439
"28",77.5179526794694,27.2585029863165,12.5620071657017,22.8470847018549,12.4993886080333,11.246253527913,3.71419031717011,3.61186213450486,24.9565969320674,15.7475014366462,5.90532239450285,6.67491254459205,53.3182629630497,24.2045931872193,177.124023215898,141.286755462518,42.5962041684807,58.0049778294536,150.881735389477
"29",62.8030785405934,46.8071493503833,20.0516992945929,16.1175612916104,7.44312524135814,6.52056427170757,-0.245160401188265,1.90385086992847,13.5693689989934,5.82012226877365,1.01114222650895,12.4723861826945,57.5725242272969,23.3337605152772,156.333947315398,125.754053061767,37.6247932775689,54.3209521841686,176.772005035217
"30",78.0830178597931,29.9012605923726,23.076342767934,18.9330886752675,11.8330175538216,8.6708981968845,5.56738487559303,1.5966371363379,23.9129622657753,4.65988505898219,0.677760995240702,6.27835284859743,34.1353829093474,12.8632555269127,164.017168230192,129.478615014891,39.8713996969863,56.8129424384945,144.951698769532
"31",62.0569405598085,26.5256619608999,14.2291880387602,18.3391333617689,8.51912267546959,8.64895743785684,1.9969490874453,3.91896920416256,17.4328950376952,14.4865749098895,6.05759363081477,9.5448185862224,66.8857788412184,27.6493421435438,173.847393659863,140.687039198994,42.2532534699425,59.8570202344852,147.055059559891
"32",61.4285567400243,42.4514780152528,16.4756890973448,14.8740647290901,9.61529441992277,6.01793557499648,4.09144618492976,2.91011850469685,19.7263182310648,4.89260168140548,2.18302806843721,5.68293057312335,37.8056307103781,14.6195317400094,133.237658612035,108.139890568598,32.1419028536576,44.9811506404735,156.910445926994
"33",69.811181957976,25.7161681734142,24.5331050061571,16.0788894514637,8.61357249342863,6.64041855126194,3.29640147291604,1.54705661349099,18.8687327335966,9.85404763233857,3.82308987421795,8.21916754984965,50.7221772489554,19.6108295825192,222.130672717082,176.96348115492,54.2124590673667,71.1001575620976,167.693974024861
"34",89.5929275114246,48.7913893580367,29.7302263938534,21.9337648405361,10.7247897913004,10.8720409326755,4.50996768377637,3.12860876942077,20.4937642229692,26.588873213064,12.0423400400261,12.1030513363961,99.1504704324613,42.832303675666,324.116412593746,258.825262171242,80.3139480581499,114.116194157547,268.978011715218
"35",79.833722872475,32.3687521371216,13.7845944243917,26.3045542536625,9.85507639093697,13.1768879456101,5.10403811321885,3.92390237834729,18.1981353410222,9.16733453334158,2.2899700483816,9.12849164910397,48.5203270372996,20.5570550586223,138.667298442003,110.108534544506,33.8840374017861,47.6487492373343,141.342047602745
"36",71.7023289666402,40.56880914198,34.144594225135,15.4628462524376,4.69841428814455,6.44123000650143,3.09737900718172,3.39245655883058,7.37234886015005,12.6845279369812,4.6380401958917,13.5908429824004,76.4628337825033,30.1388233317963,271.525448312667,217.286468251277,66.7185023884162,95.4818291238481,225.570878707053
"37",56.6971565815047,36.9244556800972,10.7433007920405,13.3997263174421,13.2791791821666,4.55001783304419,3.63431695046252,3.88118909969829,27.1644752220153,16.5156430271853,7.60226260647375,12.0610429154509,80.1683982104493,32.4088407322195,168.122403512687,133.976936875084,40.4424841808953,56.0888673190245,159.420078806526
"38",72.6787814300131,41.9148017687673,23.6393006235587,17.355852032339,9.62582227881646,7.69555131412015,2.26490172159925,2.730233144901,19.1996035835948,15.6850259286014,6.46158262771089,9.12962400900123,65.6789067771045,28.2790795869616,231.529418810275,185.767644173499,56.4593090181087,81.1000603365042,206.650100086824
"39",85.0942966371924,39.014573654054,30.8923924981112,20.1407779970653,10.7032939545544,9.58297613796764,3.2941163741446,3.71641171113818,21.2968508573845,14.237139933793,4.56375052117413,7.81286567971306,50.9362659102771,21.7477853123125,270.307139466636,217.949041079026,67.369098201644,92.6150376516851,218.388541784968
"40",42.7900625308881,-1.46125403299843,-2.7876783209573,14.4202216327582,10.0057260578799,5.48728759135794,1.23599482335724,1.28226996491065,19.7827904272633,6.39292371407109,1.97777444259761,10.6414318942518,51.7492834558098,21.3005354417331,44.3274290366414,34.9736206834488,9.53799888171362,9.64588512455926,26.7815010790208
"41",84.5465773775297,32.234003481921,34.7827685976791,17.9246672858148,9.26239894652991,8.02281667892368,-2.63365554742583,4.94319144521949,15.5857037203413,15.5213154818024,6.1501035915495,7.26760436604582,60.3027648360614,26.3919625630888,299.926422844614,240.143185942388,73.0676048838623,101.697489149538,220.261189210035
"42",73.2988639978216,44.254164673225,30.8928030755962,15.4666600630161,7.82657117510581,6.25471190400308,3.08022295145502,3.91541579034904,13.4618011050738,13.0366713895211,5.9623756083349,5.0746514197773,48.5486169519955,22.7695427407542,255.875728680573,204.461319869573,63.4890056391026,89.9626397291832,224.700329962848
"43",87.1065262972195,43.542512106264,33.6868220143234,20.084650583142,8.67244082631462,9.32612727006269,1.73995412326687,4.88257950986041,16.9511392367519,17.9612577159552,7.75339264293754,9.02041912878125,72.2362724269111,29.1977493916697,294.643774143418,233.46122498195,72.6487039487061,105.972807868877,239.738828151397
"44",39.5318878689004,22.6387883535391,-1.78929186810772,16.9077030331245,5.10147838028314,7.61880160784909,1.20670788199978,2.64084238417011,7.63718894810042,12.3515292996398,4.04597403939075,7.79739307546,51.8962847216968,21.2626789524935,69.4699174173283,55.9755233655331,16.4701843462064,23.0382829845175,88.3841831433875
"45",67.1082923177446,49.8619712107786,17.1107527015458,15.6480694831908,13.1001889678053,6.63830463003851,2.1343411659651,6.06172976093595,24.7270755991344,9.563527952529,3.91825127472732,11.4244555720559,69.4061373508403,30.6713826828221,156.960214128815,123.859803104259,38.48086772811,55.461390033267,187.541922244382
"46",71.6496273606525,46.6827319574302,24.8129313644064,14.8531916212401,10.7231575266177,6.17384601691491,0.110517283611019,5.61538891233628,22.2781018938446,7.41229945835518,2.11670702497324,9.1687988801115,50.4372484437395,18.1091537034996,188.406282669106,152.761451588143,46.2339252714684,66.3570194815669,191.323282888308
"47",80.8216691189653,43.7526173633461,30.3045204837915,17.9877771071168,9.76673054422248,7.95561564363425,1.74945655906612,3.37662317966317,20.2637989241308,20.8503946959309,8.29590734731416,11.5773632773379,80.3379371268256,33.5436019701044,298.851218281113,239.845065677779,72.8703739106016,104.090334823952,240.652826072544
"48",85.9547972665571,34.7145586983211,33.5198034986844,15.6089377793582,13.8892348858672,6.40667280819634,3.16150573442443,1.77698803197357,29.3672153818455,5.05104565041303,0.613001481558974,6.80749186846484,35.2960506025852,14.2187207858384,234.274066372745,187.734289146934,57.4380898053002,79.8549751541296,194.707924537431
"49",51.043694597401,44.5022498446977,12.2083298889403,12.512747301836,8.74704225276056,4.10674484549566,4.15183831451064,4.92122566718511,15.715885507522,6.93991259014231,1.64353320568671,5.18051904339516,30.1610312128594,13.5524420659649,126.156548029834,102.377476707093,30.1255384610028,41.0695059249691,157.437883190019
"50",61.723079186141,39.2914846627428,14.2986942059251,15.8833458425631,10.9411873768144,6.47174312555675,3.18310390939374,2.5969756768863,22.9149681120751,11.5262843067133,4.00265867137981,8.46455035799169,54.2704094757233,22.8914203841444,159.386435926966,125.962737601467,38.4322888186829,54.0436508974588,162.856915366235
